"generating_model","NSP","LDG","Occ","Gamma","PD","MPD","MNTD","MBS","SDBS","MT","SDT","TBS"
"M1",20,0.351574251808753,0.975169300225734,-0.899562186342003,1.05095051429998,0.838323710967331,0.838323710967331,0.642202088194494,0.013354186411399,1.00706434157842,0.0450542019786678,-0.269565217391304
"M1",10,0.0793345873665797,0.975169300225734,-4.10464445110435,0.791734225777655,0.791734225777764,0.791734225777764,0.789516299013526,0.0366783014160892,1.12638396716832,0.0632263615013636,-0.0454545454545455
"M1",809,0.200641976639728,0.972911963882618,-109.243796106155,-1.39013509855513,-1.28292819415883,-1.28292819415883,0.765115920915599,0.0286232638034863,1.07486782771721,0.0554271393200592,0.277053962219342
"M2",13,0.243248082979287,0.975169300225734,-2.9779631929747,0.570185869373178,0.570185869373176,0.570185869373176,3.17331263683368,0.358294988628812,0.947784904044719,0.0478283555864087,0.167857142857143
"M2",10,0.155355535843148,0.975169300225734,-4.89897948556636,-7.69888291568506e-16,0,0,3.26610057818979,0.285419310588937,0.879064040181271,0.055110038867262,-0.0666666666666667
"M2",13,0.196437591453852,0.977426636568849,-2.5132664871072,1.08973274518248,0.927583568258765,0.927583568258765,3.30670797295108,0.3289511726149,1.1480256443273,0.0488104580239265,0.455882352941177
"M1",112.375,0.207961392835098,0.975169300225734,-16.4579057384618,0.427009310088608,0.383463084996737,0.383463084996737,1.65409438502128,0.134246312318671,1.02221311330122,0.0539578947409854,-0.0251183059288355
"M1",13,0.19853978404679,0.975169300225734,-4.12032498876613,0.628643430841215,0.628643430841216,0.628643430841216,1.2218053420174,0.0854623068673803,1.01463872743982,0.0545339668041237,-0.0352864256916905
